{
  "cm-1": [
    0.0,
    33333.33333333333
  ],
  "vdos": [
    1.0,
    0.3919567400099622
  ]
}