{
  "cm-1": [
    0.0,
    1626.0162601626016,
    3252.032520325203,
    4878.048780487804,
    6504.065040650406,
    8130.081300813008,
    9756.097560975608,
    11382.113821138211,
    13008.130081300813,
    14634.146341463415,
    16260.162601626016,
    17886.178861788616,
    19512.195121951216,
    21138.21138211382,
    22764.227642276423,
    24390.243902439026,
    26016.260162601626,
    27642.276422764226,
    29268.29268292683,
    30894.30894308943,
    32520.325203252032
  ],
  "vdos": [
    1.0,
    0.5043928007381782,
    0.20524604945603056,
    0.12730763292441902,
    0.09433216207562273,
    0.07604410516771615,
    0.06353393698750127,
    0.052497281252716535,
    0.04770003010141332,
    0.04509656707136392,
    0.04183233177837993,
    0.03811025785471984,
    0.03768236526646599,
    0.03431992465991204,
    0.032372959309494964,
    0.030938481706092535,
    0.03134401959685875,
    0.03055135064212298,
    0.029676302531062928,
    0.028718209435443103,
    0.026636153852158125
  ]
}